,questão,texto
0,0,(CESPE - 2016 - PC-GO - Agente de Polícia Substituto)
1,1,(CESPE - 2016 - TRT - 8ª Região (PA e AP) - Analista Judiciário - Área Administrativa)
2,2,(CESPE - 2014 - TJ-CE - Analista Judiciário - Área Administrativa)
3,3,(CESPE-2011-STM-Analista Judiciário)
4,4,(2016- CESPE-ANVISA-  Técnico Administrativo)
5,5,·                 CESPE - 2015 - DPE-PE - Defensor Público
6,6,(CESPE ? TRT ? 17ª Região (ES) ? 2013 ? Analista Judiciário ? Área Judiciária)
7,7,(CESPE - 2011 - STM - Analista Judiciário - Análise de Sistemas)
8,8,·        FCC-2015-TRT - 9ª REGIÃO (PR)-Técnico Judiciário - Área Administrativa
9,9,(CESPE ? MPU ? Analista ? 2013)
10,10,(CESPE ? TRF ? 1ª Região ? 2017 ? Analista Judiciário ? Área Administrativa)
11,11,(CESPE ? TJDFT ? 2008 ? Analista Judiciário ? Área Judiciária)
12,12,(Adaptada - CESPE ? DPE-AC ? 2017 ? Defensor Público)
13,13,(CESPE ? TCE-RN ? 2015 ? Tecnologia da Informação)
14,14,(CESPE - 2015 - TJ-PB - Juiz Substituto)
15,15,(CESPE - 2011 - STM - Analista Administrativo)
16,16,(CESPE ? STJ ? 2004 ? Analista Judiciário ? Área Administrativa)
17,17,(CESPE ? CNJ - 2013 ? Analista Judiciário ? Área Judiciária)
18,19,(CESPE - 2016 - PC-PE - Agente de Polícia)
19,20,(CESPE - 2016 - DPU - Analista Técnico ? Administrativo)
20,21,(CESPE - 2016 - DPU - Técnico em Assuntos Educacionais)
21,22,(CESPE - 2016 - DPU - Técnico em Assuntos Educacionais)
22,23,(Prova CESPE - 2010 - MPE-SE - Promotor de Justiça)
23,24,(CESPE - 2011 - STM - Analista Judiciário - Análise de Sistemas)
24,25,(CESPE ? TRT ? 17ª Região (ES) ? 2013 ? Analista Judiciário ? Área Judiciária)
25,26,(CESPE - 2011 - STM - Técnico Judiciário)
26,27,(CESPE - 2015 - MPU - Técnico do MPU - Segurança Institucional e Transporte)
27,28,(CESPE ? MPU ? Analista ? 2013)
28,29,(CESPE - 2011 - STM - Cargos de Nível Superior)
29,30,(CESPE - 2013 - IBAMA - Analista Ambiental - Conhecimentos Básicos - Todos os Temas)
30,31,(CESPE - 2012 - IBAMA - Técnico Administrativo)
31,32,(CESPE - 2009 - DETRAN-DF - Auxiliar de Trânsito)
32,33,(CESPE - 2011 - STM - Analista Judiciário - Área Administrativa)
33,34,(CESPE - 2015 - MPU - Técnico do MPU - Segurança Institucional e Transporte)
34,35,(2016- CESPE-ANVISA-  Técnico Administrativo)
35,36,(MPE-BA - 2018 - MPE-BA - Promotor de Justiça Substituto)
36,37,(MPE-BA - 2018 - MPE-BA - Promotor de Justiça Substituto)
37,38,(CESPE - 2014 - TJ-SE - Titular de Serviços de Notas e de Registros - Remoção)
38,39,·        FCC-2015-TRT - 9ª REGIÃO (PR)-Técnico Judiciário - Área Administrativa
39,40,(CESPE - 2011 - STM - Analista Judiciário - Análise de Sistemas)
40,41,·        FCC-2015-TRT - 9ª REGIÃO (PR)-Técnico Judiciário - Área Administrativa
41,42,·        CESPE - AL-ES - Procurador - 2011
42,43,(CESPE - 2011 - STM - Analista Judiciário - Área Administrativa)
43,44,(CESPE ? TJDFT ? Analista/Direito ? 2015)
44,45,·        TRT - 4ª REGIÃO ? TRT - 4ª REGIÃO (RS) ? 2016 ? Juiz do Trabalho Substituto
45,46,(2018-CESPEÓrgão: STJProva: Analista Judiciário - Oficial de Justiça Avaliador Federal)
46,47,(CESPE ? 2010 ? INSS ? Engenheiro Civil)
47,48,(CESPE - 2013 - BACEN ? Procurador)
48,49,(CESPE - 2017 - Prefeitura de Belo Horizonte - MG - Procurador Municipal)
49,50,(CESPE - 2018 - PC-MA - Delegado de Polícia Civil)
50,51,(CESPE - 2013 - MPU - Analista ? Direito)
51,52,·        FCC-2015-TRT - 9ª REGIÃO (PR)-Técnico Judiciário - Área Administrativa
52,53,·        FCC-2015-TRT - 9ª REGIÃO (PR)-Técnico Judiciário - Área Administrativa
53,54,(CESPE ? PC-GO? Agente de Polícia Substituto? 2016- Adaptada pela equipe Mentory)
54,55,(Ano: 2017Banca: CESPEÓrgão: MPE-RRProva: Promotor de Justiça Substituto)
55,56,(CESPE - 2018 - ABIN - Oficial Técnico de Inteligência - Área 2)
56,57,·        TRT- 4ª REGIÃO ? TRT - 4ª REGIÃO (RS) ? 2016 ? Juiz do Trabalho Substituto
57,58,(CESPE ? SEDF? Direito e Legislação ? 2017)
58,59,(2017- CESPE-TRE-PE- Técnico  Judiciário ? Área Administrativa)
59,60,(CESPE - 2015 - MPU - Técnico do MPU - Segurança Institucional e Transporte)
60,61,(Ano: 2017Banca: CESPEÓrgão: Prefeitura de Fortaleza - CEProva: Procurador do Município)
61,62,·        FCC-2015-TRT - 9ª REGIÃO (PR)-Técnico Judiciário - Área Administrativa
62,63,(CESPE - 2010 - Caixa ? Advogado)
63,64,(CESPE ? TJDFT? Técnico ? 2015)
64,65,(CESPE - 2017 - MPE-RR - Promotor de Justiça Substituto)
65,66,(CESPE ? TJDFT? Técnico ? 2015)
66,67,(CESPE - 2018 - EMAP - Analista Portuário - Área Jurídica)
67,69,(CESPE - 2015 - MPU - Técnico do MPU - Segurança Institucional e Transporte)
68,70,·        CESPE - DPE-ES - Defensor Público ? 2012
69,71,(CESPE - 2013 - TRT - 17ª Região (ES) - Analista Judiciário - Oficial de Justiça Avaliador)
70,72,(CESPE - 2015 - MPU - Técnico do MPU - Segurança Institucional e Transporte)
71,73,(Ano: 2016Banca: CESPEÓrgão: FUNPRESP-JUDProva: Analista ? Direito)
72,74,(CESPE - 2015 - MPU - Técnico do MPU - Segurança Institucional e Transporte)
73,75,·        CESPE - BACEN - Procurador - 2013
74,76,·        CESPE - DPE-RR - Defensor Público ? 2013
75,77,(CESPE - 2011 - STM - Técnico Judiciário)
76,78,(CESPE - 2018 - STJ - Técnico Judiciário ? Administrativa)
77,79,·        CESPE - SEAD-SE (FPH) - Procurador ? 2009
78,80,(CESPE - 2017 - TRE-BA - Analista Judiciário ? Área Judiciária)
79,81,(CESPE - 2011 - STM - Execução de Mandados)
80,82,·        CESPE - MPE-TO - Promotor de Justiça - 2012
81,83,·        CESPE - TCU - Procurador do Ministério Público ? 2015
82,84,·        INSTITUTO CIDADES ? 2010 - DPE-GO - Defensor Público (adaptada)
83,85,(CESPE - 2017 - TRF - 5ª REGIÃO - Juiz Federal Substituto)
84,86,(CESPE - 2013 - PC-BA - Delegado de Polícia)
85,88,(CESPE ? TRE-RJ ? 2012 ? Analista Judiciário ? Área Administrativa)
86,89,(CESPE - 2010 - MPE-RO - Promotor de Justiça)
87,90,·                     MPE/CE - PROMOTOR DE JUSTIÇA DE ENTRÂNCIA INICIAL ? 2011
88,91,(CESPE - 2018 - STM - Analista Judiciário - Área Judiciária)
89,92,(CESPE - 2011 - STM - Execução de Mandados)
90,93,(CESPE - 2011 - STM - Execução de Mandados)
91,94,(CESPE - 2008 - STF - Analista Judiciário - Área Judiciária)
92,95,(CESPE - 2018 - STM - Analista Judiciário - Área Judiciária)
93,96,(Ano: 2017Banca: CESPEÓrgão: DPUProva: Defensor Público Federal)
94,97,(CESPE - 2015 - TJ-DFT - Analista Judiciário ? Judiciária)
95,98,(CESPE - 2017 - TRE-TO - Analista Judiciário - Área Judiciária)
96,99,(CESPE - 2014 - TJ-SE - Técnico Judiciário - Área Judiciária)
97,100,(CESPE - 2012 - TJ-RO - Analista ? Processual)
98,101,(VUNESP - 2015 - MPE-SP - Analista de Promotoria)
99,102,(VUNESP - 2015 - MPE-SP - Analista de Promotoria)
100,103,(VUNESP - 2015 - MPE-SP - Analista de Promotoria)
101,104,(FUNCAB - 2016 - PC-PA - Delegado de Policia Civil ? Reaplicação)
102,105,(FUNCAB - 2016 - PC-PA - Delegado de Policia Civil ? Reaplicação)
103,106,(FUNCAB - 2016 - PC-PA - Delegado de Policia Civil ? Reaplicação)
104,107,(FUNCAB - 2016 - PC-PA - Delegado de Policia Civil ? Reaplicação)
105,108,(CESPE ? DPU ? Analista Técnico ? 2016)
106,110,(CESPE - 2013 - TJ-RR - Titular de Serviços de Notas e de Registros)
107,111,(CESPE - 2018 - STM - Analista Judiciário - Área Judiciária)
108,112,(CESPE - 2018 - STM - Analista Judiciário - Área Judiciária)
109,113,(Prova CESPE - 2018 - Polícia Federal - Delegado de Polícia Federal)
110,114,(CESPE ? TJDFT  - 2008 ? Analista Judiciário ? Área Judiciária)
111,115,(CESPE ? TJDFT ? Analista/Direito ? 2015)
112,116,·        CESPE - AL-ES - Procurador ? 2011
113,117,·                     MPE-PA - Promotor de Justiça ? 2014
114,118,(Ano: 2016Banca: CESPEÓrgão: FUNPRESP-JUDProva: Analista ? Direito)
115,119,(CESPE - 2016 - TCE-PR - Analista de Controle ? Jurídica)[
116,120,(CESPE - 2012 - MPE-TO - Promotor de Justiça)
117,121,(Ano: 2018Banca: CESPEÓrgão: PGM - Manaus - AM Prova: Procurador do Município)
118,122,(Ano: 2018Banca: CESPEÓrgão: TJ-CEProva: Juiz Substituto)
119,123,(Ano: 2018Banca: CESPEÓrgão: TJ-CEProva: Juiz Substituto)
120,124,(CESPE ? TRE-PE ? Analista  Judiciário - Área Judiciária ? 2017)
121,125,(FGV - 2015 - TJ-PI - Analista Judiciário - Analista Judicial)
122,126,(CESPE - 2012 - MPE-TO - Promotor de Justiça)
123,127,·        CESPE - 2013 - PC-BA - Delegado de Polícia
124,128,·        2015- CESPE ? TRE-GO -  Técnico Judiciário - Área Administrativa
125,129,(CESPE - 2017 - Prefeitura de Belo Horizonte - MG - Procurador Municipal)
126,130,(Prova CESPE - 2017 - PGE-SE - Procurador do Estado)
127,131,(CESPE - 2017 - DPE-AC - Defensor Público)
128,132,(CESPE - 2017 - DPE-AC - Defensor Público)
129,133,(CESPE - 2014 - TJ-CE - Técnico Judiciário - Área Judiciária)
130,134,(CESPE - 2012 - TRE-RJ - Analista Judiciário - Área Administrativa)
131,135,(Adaptada - CESPE ? DPE-RN ? 2015 ? Defensor Público Substituto)
132,136,(CESPE - 2008 - STF - Técnico Judiciário - Área Administrativa)
133,137,(CESPE - 2009 - DETRAN-DF - Auxiliar de Trânsito)
134,138,(CESPE - 2009 - MDS - Agente Administrativo)
135,139,(CESPE - 2017 - Prefeitura de Belo Horizonte - MG - Procurador Municipal)
136,140,(CESPE - 2015 - MPU - Técnico do MPU - Segurança Institucional e Transporte)
137,141,(Ano: 2016Banca: CESPEÓrgão: FUNPRESP-JUDProva: Analista ? Direito)
138,142,(CESPE - 2011 - STM - Analista Judiciário - Análise de Sistemas)
139,143,·        Cespe-PGDF-Procurador-2013
140,144,·        Cespe-DPDF-Defensor-2013
141,146,(CESPE ? TRE-GO ? 2015 ? Analista Judiciário ? Área Judiciária)
142,147,(CESPE - 2010 - Caixa ? Advogado)
143,148,(CESPE - 2013 - TRT - 8ª Região (PA e AP) - Analista Judiciário - Área Judiciária)
144,149,(CESPE - 2010 - MPU - Analista ? Processual)
145,150,(CESPE - 2016 - TRT - 8ª Região (PA e AP) - Técnico Judiciário - Área Administrativa)
146,151,(CESPE - 2017 - TRT - 7ª Região (CE) - Técnico Judiciário - Área Administrativa)
147,152,(CESPE - 2008 - TRT - 1ª REGIÃO (RJ) - Técnico Judiciário - Área Administrativa)
148,153,(CESPE - 2007 - TRT - 9ª REGIÃO (PR) - Analista Judiciário - Área Judiciária)
149,154,(CESPE - 2007 - TRT - 9ª REGIÃO (PR) - Analista Judiciário - Execução de Mandados)
150,155,(CESPE - 2007 - IEMA ? Advogado)
151,156,(CESPE - 2016 - TRT - 8ª Região (PA e AP) - Analista Judiciário - Área Administrativa)
152,157,(CESPE - 2015 - AGU - Advogado da União)
153,158,(CESPE - 2015 - AGU - Advogado da União)
154,159,(CESPE - 2008 - CGE-PB - Auditor de Contas Públicas)
155,160,(CESPE - 2004 - TJ-AP - Analista Judiciário - Área Administrativa)
156,161,(CESPE ? TRT 8ª Região (PA e AP) ? Técnico Judiciário - Área Administrativa ? 2016)
157,162,(CESPE - 2013 - MPU - Analista ? Direito)
158,163,(CESPE - 2014 - PGE-BA - Procurador do Estado)
159,164,(CESPE - 2013 - TRT - 8ª Região (PA e AP) - Analista Judiciário - Área Judiciária)
160,165,(CESPE - 2013 - MPU - Analista ? Direito)
161,166,(CESPE - 2013 - TRT - 8ª Região (PA e AP) - Analista Judiciário - Área Judiciária)
162,168,(Ano: 2017Banca: CESPEÓrgão: Prefeitura de Fortaleza - CEProva: Procurador do Município)
163,169,(CESPE - 2010 - MPU - Analista ? Processual)
164,170,(CESPE - 2016 - TRT - 8ª Região (PA e AP) - Analista Judiciário - Área Judiciária)
165,171,(CESPE - 2016 - TRT - 8ª Região (PA e AP) - Técnico Judiciário - Área Administrativa)
166,172,(CESPE - 2016 - PGE-AM - Procurador do Estado)
167,173,·        FCC - 2012 - TST - Analista Judiciário
168,174,(CESPE - 2016 - TRT - 8ª Região (PA e AP) - Analista Judiciário - Área Administrativa)
169,175,(CESPE ? FUNPRESP-JUD ? Analista ? 2016)
170,176,(FCC - 2007 - MPU - Técnico Administrativo)
171,177,·        FCC-2015-TRT - 9ª REGIÃO (PR)-Técnico Judiciário - Área Administrativa
172,178,(CESPE - 2013 - TRT - 10ª REGIÃO (DF e TO) - Analista Judiciário - Execução de Mandados)
173,179,(CESPE - 2007 - TRT - 9ª REGIÃO (PR) - Analista Judiciário - Área Judiciária)
174,180,(CESPE - 2016 - TRT - 8ª Região (PA e AP) - Analista Judiciário - Área Administrativa)
175,181,(CESPE - 2010 - TRE-MT - Técnico Judiciário - Área Administrativa)
176,182,(CESPE - 2016 - TRT - 8ª Região (PA e AP) - Analista Judiciário - Área Administrativa)
177,183,(CESPE - 2017 - TRT - 7ª Região (CE) - Analista Judiciário - Área Administrativa)
178,184,(CESPE - 2008 - TRT - 1ª REGIÃO (RJ) - Técnico Judiciário - Área Administrativa)
179,185,(CESPE - 2016 - TRT - 8ª Região (PA e AP) - Analista Judiciário - Área Administrativa)
180,186,·        FCC-2017-TRE-SP-Técnico Judiciário - Área Administrativa
181,187,(CESPE - 2010 - MPU - Analista ? Processual)
182,188,(2016- CESPE- FUB- Conhecimentos Básicos - Somente para os cargos 10 e 13)
183,189,(CESPE - 2010 - MPU - Analista ? Processual)
184,190,·        FCC-2017-TRE-SP-Técnico Judiciário - Área Administrativa
185,191,(Ano: 2018Banca: CESPEÓrgão: PGE-PEProva: Procurador do Estado)
186,192,(CESPE - 2010 - MPU - Analista ? Processual)
187,193,·        FCC - 2012 - TST - Analista Judiciário
188,194,(CESPE - 2010 - MPU - Analista ? Processual)
189,195,(2016- CESPE- FUB- Conhecimentos Básicos - Somente para os cargos 10 e 13)
190,196,(Ano: 2016Banca: CESPEÓrgão: FUNPRESP-JUDProva: Analista ? Direito)
191,197,(2016- CESPE- FUB- Conhecimentos Básicos - Somente para os cargos 10 e 13)
192,198,(CESPE-2011-STM-Analista Judiciário)
193,199,·        FCC-2017-TRE-SP-Técnico Judiciário - Área Administrativa
194,200,"·        FCC, TST, Analista Judiciário - Área Judiciária, 2012"
195,201,·        2015- CESPE ? TRE-GO -  Técnico Judiciário - Área Administrativa
196,202,(2016- CESPE- FUB -  Conhecimentos Básicos - Cargos de 1 a 7)
197,203,(CESPE ? CNJ ? 2013 ? Analista Judiciário ? Área Judiciária)
198,204,(CESPE - 2017 - TRT - 7ª Região (CE) - Analista Judiciário - Área Judiciária)
199,205,·        FCC-2015-TRT - 9ª REGIÃO (PR)-Técnico Judiciário - Área Administrativa
200,206,(CESPE-2011-STM-Analista Judiciário)Parte superior do formulário
201,207,·        FCC-2015-TRT - 9ª REGIÃO (PR)-Técnico Judiciário - Área Administrativa
202,208,(CESPE ? MPU ? Analista ? 2013)
203,209,"·        FCC, TST, Analista Judiciário - Área Judiciária, 2012"
204,210,(CESPE - 2011 - TRE-ES - Analista Judiciário - Área Judiciária ? Específicos)
205,211,(CESPE - 2010 - TRE-MT - Analista Judiciário - Área Judiciária)
206,213,·        2015- CESPE ? TRE-GO -  Técnico Judiciário - Área Administrativa
207,214,(CESPE - 2010 - TRE-MT - Analista Judiciário - Área Judiciária)
208,215,·        CESPE - TCE-PB - Procurador - 2014
209,216,(2017- CESPE-TRE-PE- Técnico  Judiciário)
210,217,"(CESPE - 2018 - STM - Nível Superior - Conhecimentos Básicos (Exceto cargos 1, 2 e 8))"
211,218,(CESPE ? CNJ ? 2013 ? Analista Judiciário ? Área Judiciária)
212,219,(CESPE ? MPU ? Analista ? 2013)
213,220,(CESPE - 2018 - EMAP - Analista Portuário - Planejamento e Controle)
214,221,(CESPE - 2011 - STM - Analista Judiciário - Área Administrativa)
215,222,·        CESPE - PG-DF - Procurador - 2013
216,223,(CESPE - 2011 - STM - Analista Judiciário - Área Administrativa)
217,224,(Ano: 2018Banca: CESPEÓrgão: TJ-CEProva: Juiz Substituto)
218,225,·        2015- CESPE ? TRE-GO -  Técnico Judiciário - Área Administrativa
219,226,(CESPE - 2013 - TRT - 8ª Região (PA e AP) - Analista Judiciário - Área Judiciária)
220,227,(CESPE ? MPU ? Analista ? 2013)
221,228,·        CESPE - TCE-PB - Procurador - 2014
222,229,·        CESPE - DPE-SE - Defensor Público - 2012
223,230,(CESPE - 2011 - STM - Cargos de Nível Superior)
224,231,·        CESPE ? TC/DF - Procurador - 2011
225,232,·        FCC-2015-TRT - 9ª REGIÃO (PR)-Técnico Judiciário - Área Administrativa
226,233,(CESPE - 2014 - Câmara dos Deputados - Analista Legislativo - Consultor Legislativo Área VI)
227,234,(CESPE - 2011 - STM - Técnico Judiciário)
228,235,(CESPE - 2017 - Prefeitura de Belo Horizonte - MG - Procurador Municipal)
229,236,(CESPE ? MPU ? Analista ? 2013)
230,238,(2017- CESPE-TRE-PE- Analista  Judiciário - Área Administrativa)
231,239,(2016- CESPE- PGE-AM- Procurador do Estado)
232,240,(2016- CESPE- PGE-AM- Procurador do Estado)
233,241,(CESPE - 2011 - STM - Cargos de Nível Superior)
234,242,(CESPE ? TER-GO ? 2015 ? Analista Judiciário ? Área Judiciária)
235,243,(2016- CESPE- PGE-AM- Procurador do Estado)
236,244,(2017- CESPE-TRE-PE- Técnico  Judiciário ? Área Administrativa)
237,245,·        FCC- DPE-SP -Defensor Público-2013
238,246,(2016- CESPE- PGE-AM- Procurador do Estado)
239,247,(Ano: 2018Banca: CESPEÓrgão: PGM - Manaus - AM Prova: Procurador do Município)
240,248,(CESPE ? TRE-PI ? Analista Judiciário - Judiciária ? 2016)
241,249,(Prova CESPE - 2018 - Polícia Federal - Delegado de Polícia Federal)
242,250,·        CESPE - TC-DF - Procurador - 2013
243,251,·        Cespe-Procurador do Município de Ipojuca-2009
244,253,(2016- CESPE- PGE-AM- Procurador do Estado)
245,254,·        CESPE - TCU - Procurador do Ministério Público - 2015
246,255,·        CESPE - TCE-PB - Procurador - 2014
247,256,·        CESPE - TCU - Procurador do Ministério Público - 2015
248,257,·        CESPE - TCU - Procurador do Ministério Público - 2015
249,258,(Ano: 2018Banca: CESPEÓrgão: PGM - Manaus - AM Prova: Procurador do Município)
250,259,(CESPE - 2018 - STM - Analista Judiciário - Área Judiciária)
251,260,(CESPE - 2018 - STM - Analista Judiciário - Área Judiciária)
252,261,·        CESPE - TCE-PB - Procurador - 2014
253,262,(2016- CESPE- PGE-AM- Procurador do Estado)
254,263,(CESPE - 2014 - ANTAQ - Conhecimentos Básicos - Todos os cargos)
255,264,(CESPE - 2011 - STM - Analista Administrativo)
256,265,(CESPE - 2009 - TRE-MA - Analista Judiciário - Área Judiciária)
257,266,(CESPE ? SEDF ? Analista ? 2017)
258,268,(CESPE - 2018 - STM - Técnico Judiciário - Área Administrativa)
259,269,(2018-CESPE-STJ- Analista Judiciário - Oficial de Justiça Avaliador Federal)
260,270,(CESPE - 2015 - MPU - Técnico do MPU - Segurança Institucional e Transporte)
261,272,(CESPE - 2014 - TJ-CE - Analista Judiciário - Área Judiciária)
262,273,(CESPE ? MPU ? Analista ? 2013)
263,274,(2016- CESPE- FUB -  Conhecimentos Básicos - Cargos de 1 a 7)
264,275,·        FCC-2015-TRT - 9ª REGIÃO (PR)-Técnico Judiciário - Área Administrativa
265,276,(Ano: 2018Banca: CESPEÓrgão: PGM - Manaus - AM Prova: Procurador do Município)
266,277,(FGV - 2017 - TRT - 12ª  - Analista Judiciário - Área Administrativa)
267,278,(CESPE ? MPU ? Analista ? 2015)
268,279,(CESPE-2004-STM-Analista Judiciário)
269,280,(CESPE - 2014 - TJ-CE - Analista Judiciário - Área Judiciária)
270,281,(CESPE - 2011 - STM - Analista Judiciário - Área Administrativa)
271,282,·        FCC - TCM-BA -Procurador Especial de Contas-2011
272,283,(CESPE ? MPU ? Analista ? 2013)
273,284,·                 CESPE - 2015 - DPE-PE - Defensor Público
274,285,·        CESPE-TCE-PB-Procurador-2014
275,286,(FCC - 2016 - PGE-MT - Analista - Bacharel em Direito)
276,287,·        CESPE - TC-DF - Procurador - 2013
277,288,(CESPE - 2016 - PGE-AM - Procurador do Estado)
278,289,(CESPE - TJ-PR ? Juiz Substituto ? 2017)
279,290,·        CESPE - TCE-PB - Procurador ? 2014
280,291,·        2015- CESPE ? TRE-GO -  Técnico Judiciário - Área Administrativa
281,292,·        Ano: 2018 Banca: CESPE Órgão: PC-MA Prova: Delegado de Polícia Civil
282,293,"(CESPE - 2018 - STM - Nível Superior - Conhecimentos Básicos (Exceto cargos 1, 2 e 8))"
283,294,(CESPE - 2010 - TRE-BA - Analista Judiciário - Área Judiciária)
284,295,(CESPE - 2017 - TRF - 1ª REGIÃO - Analista Judiciário - Área Administrativa)
285,296,(Ano: 2018Banca: CESPEÓrgão: EMAPProva: Analista Portuário - Área Jurídica)
286,297,(Ano: 2018Banca: CESPEÓrgão: EMAPProva: Analista Portuário)
287,298,(CESPE ? TCE-PE ? 2017 ? Auditor de Controle Externo ? Auditoria de Contas Públicas)
288,299,(CESPE - 2015 - TJ-DFT - Analista Judiciário ? Judiciária)
289,300,(CESPE - 2017 - Prefeitura de Belo Horizonte - MG - Procurador Municipal)
290,301,(CESPE ? MPU ? Analista ? 2013)
291,302,(CESPE - 2015 - MPU - Técnico do MPU - Segurança Institucional e Transporte)
292,303,(CESPE ? DPU ? 2017 ? Defensor Público Federal)
293,304,(Ano: 2018Banca: CESPEÓrgão: EMAPProva: Analista Portuário - Área Jurídica)
294,305,(Ano: 2017Banca: CESPEÓrgão: Prefeitura de Fortaleza - CEProva: Procurador do Município)
295,306,(Ano: 2017Banca: CESPEÓrgão: Prefeitura de Fortaleza - CEProva: Procurador do Município)
296,307,(CESPE-2011-STM-Analista Judiciário)
297,308,(CESPE ? TRE-GO ? 2015 ? Analista Judiciário ? Área Judiciária)
298,309,(Ano: 2017Banca: CESPEÓrgão: Prefeitura de Fortaleza - CEProva: Procurador do Município)
299,310,(CESPE - 2018 - STM - Analista Judiciário - Área Judiciária)
300,311,(2016- CESPE- PGE-AM- Procurador do Estado)
301,311,(2016- CESPE- PGE-AM- Procurador do Estado)
302,312,(CESPE ? TRE-GO ? 2015 ? Analista Judiciário ? Área Judiciária)
303,313,(CESPE - 2018 - STM - Analista Judiciário - Área Judiciária)
304,314,(2018- CESPE-Polícia Federal-Perito Criminal Federal)
305,315,(Prova CESPE - 2018 - PC-MA - Delegado de Polícia Civil)
306,316,(2016- CESPE- FUB -  Conhecimentos Básicos - Cargos de 1 a 7)
307,317,(2017- CESPE-TRE-PE- Analista  Judiciário ? Área Administrativa)
308,318,(Adaptada - CESPE ? TCE-PB ? 2018 ? Auditor de Contas Públicas)
309,319,(Adaptada - CESPE ? TCE-PB ? 2018 ? Auditor de Contas Públicas)
310,320,(2017- CESPE-TRE-PE- Analista  Judiciário ? Área Administrativa)
311,321,(ESAF - 2004 - MPU - Analista ? Arquitetura)
312,322,(CESPE - 2013 - AGU - Procurador Federal)
313,323,(CESPE - 2015 - MPU - Técnico do MPU - Segurança Institucional e Transporte)
314,325,(2016- CESPE- TRE-PI- Técnico  Judiciário ? Área Administrativa)
315,326,·        CESPE - TCE-PB - Procurador - 2014
316,327,(CESPE - 2016 - TRT - 8ª Região (PA e AP) - Analista Judiciário - Área Judiciária)
317,328,·        Cespe-PGDF-Procurador-2013
318,329,"(Ano: 2016Banca: CESPEÓrgão: TCE-PAProva: Conhecimentos Básicos - Cargos 1, 18, 19, 37 e 38)"
319,330,(CESPE ? MPU ? Analista ? 2015)
320,331,·        CESPE - TCE-PB - Procurador ? 2014
321,332,(2016- CESPE- PGE-AM- Procurador do Estado)
322,333,·        CESPE - AGU -Advogado da União-2015
323,334,·        2015- CESPE ? TRE-GO -  Técnico Judiciário - Área Administrativa
324,335,·        CESPE - TCE-PB - Procurador - 2014
325,336,"·        FCC, TST, Analista Judiciário - Área Judiciária, 2012"
326,337,(CESPE - 2012 - MPE-PI - Promotor de Justiça)
327,338,·        CESPE - TCE-PB - Procurador ? 2014
328,339,"·        FCC, TST, Analista Judiciário - Área Judiciária, 2012"
329,340,(CESPE ? MPE-PI? 2012 - Promotor de Justiça)
330,341,(FCC - 2010 - MPE-RS - Secretário de Diligências)
331,342,(Ano: 2018Banca: CESPEÓrgão: PGM - Manaus - AM Prova: Procurador do Município)
332,343,·        CESPE - TC-DF - Procurador - 2013
333,344,·        CESPE - TCE-PB - Procurador - 2014
334,345,(MPT - 2017 - MPT - Procurador do Trabalho)
335,346,(CESPE ? MPU ? Técnico? 2013)
336,347,·        CESPE - TCE-PB - Procurador - 2014
337,348,·        CESPE - 2013 - PC-BA - Delegado de Polícia
338,349,·        CESPE - AL-ES - Procurador - 2011
339,350,(CESPE - 2013 - Polícia Federal - Delegado de Polícia)
340,351,·        CESPE - AL-ES - Procurador - 2011
341,352,·        CESPE - AGU ?Advogado da União-2012
342,353,(CESPE ? SEDF? Direito e Legislação ? 2017)
343,354,(Ano: 2018Banca: CESPEÓrgão: TJ-CEProva: Juiz Substituto)
344,355,(CESPE - 2011 - STM - Analista Administrativo)
345,356,·        CESPE - TCE-PB - Procurador ? 2014
346,357,"(STF - MS: 24831 DF, Relator: Min. CELSO DE MELLO, Data de Julgamento: 22/06/2005,  Tribunal Pleno, Data de Publicação: DJ 04-08-2006)"
347,357,·        CESPE - TCE-PB - Procurador ? 2014
348,358,·        CESPE - TCE-PB - Procurador - 2014
349,359,·        CESPE - TCE-PB - Procurador - 2014
350,360,"2. MP: NÃO. É necessária autorização judicial (STJ HC 160.646/SP, Dje 19/09/2011)."
351,360,"3. TCU: NÃO. É necessária autorização judicial (STF MS 22934/DF, DJe de 9/5/2012)."
352,360,"6. CPI: SIM (seja ela federal ou estadual/distrital) (art. 4º, § 1º da LC 105/2001)."
353,360,(Ano: 2018Banca: CESPEÓrgão: PGM - Manaus - AM Prova: Procurador do Município)
354,361,(2016- CESPE- PGE-AM- Procurador do Estado)
355,362,·        CESPE-TRF1-Juiz Federal-2011
356,363,·        CESPE - AL-ES - Procurador ? 2011
357,364,·        CESPE - TCU - Procurador do Ministério Público ? 2015
358,365,·        FCC ? TRT - 1ª REGIÃO (RJ) ? 2016 ? Juiz do Trabalho Substituto
359,366,(CESPE - 2011 - STM - Técnico Judiciário)
360,367,·        CESPE - BACEN - Procurador - 2009
361,368,(CESPE - 2010 - TRE-MT - Analista Judiciário - Área Judiciária)
362,369,(CESPE - 2009 - TRE-GO - Analista Judiciário - Área Judiciária)
363,370,(CESPE - 2009 - TRE-MA - Analista Judiciário - Área Judiciária)
364,371,(CESPE ? MPU ? Analista ? 2013)
365,372,(CESPE ? TRE-GO ? 2015 ? Analista Judiciário ? Área Judiciária)
366,374,(MPE-MS - 2018 - MPE-MS - Promotor de Justiça Substituto)
367,375,·        CESPE - BACEN - Procurador ? 2009
368,376,·        CESPE ? TCU - Procurador do Ministério Público - 2015
369,377,(CESPE - 2018 - STM - Analista Judiciário - Área Judiciária)
370,378,·        NC-UFPR - Prefeitura de Curitiba ? PR- Procurador-2015
371,379,(CESPE ? MPU ? Analista ? 2013)
372,380,(IBFC - 2013 - SEPLAG-MG ? Direito)
373,381,·        CESPE - TC-DF - Procurador - 2013
374,382,·        CESPE - TCU -Procurador do Ministério Público - 2015
375,383,(2017- CESPE-TRE-PE- Analista  Judiciário ? Área Administrativa)
376,384,(CESPE - 2009 - TRE-GO - Analista Judiciário - Área Judiciária)
377,385,(CESPE - 2010 - TRE-MT - Analista Judiciário - Área Judiciária)
378,386,·        CESPE - BACEN - Procurador - 2009
379,387,·        CESPE-DPDF-Defensor Público-2010
380,388,·        CESPE-TCDF-Procurador-2013
381,389,·        CESPE - BACEN - Procurador - 2009
382,390,·        CESPE - AL-ES - Procurador - 2011
383,391,·        CESPE - TCU -Procurador do Ministério Público - 2015
384,392,·        NC-UFPR - Prefeitura de Curitiba ? PR- Procurador-2015
385,393,(CESPE ? MPU ? Analista ? 2013)
386,394,·        NC-UFPR - Prefeitura de Curitiba ? PR- Procurador-2015
387,395,(2016- CESPE- PGE-AM- Procurador do Estado)
388,397,·        NC-UFPR - Prefeitura de Curitiba ? PR- Procurador-2015
389,398,·        NC-UFPR - Prefeitura de Curitiba ? PR- Procurador-2015
390,399,·        CESPE ? TCU - Procurador do Ministério Público - 2015
391,400,·        CESPE - AL-ES - Procurador - 2011
392,401,(Ano: 2018Banca: CESPEÓrgão: EMAPProva: Analista Portuário - Área Jurídica)
393,402,(CESPE ? MPU ? Analista ? 2013)
394,403,·        FCC - TCE-RO -Auditor-2010
395,404,·        CESPE - AL-ES - Procurador ? 2011
396,405,·        CESPE - AL-ES - Procurador - 2011
397,406,·        CESPE - AL-ES - Procurador - 2011
398,407,·        FCC ? TRT - 1ª REGIÃO (RJ) ? 2016 ? Juiz do Trabalho Substituto
399,408,(CESPE - 2017 - TRE-PE - Analista  Judiciário - Área Judiciária)
400,409,(CESPE - 2013 - TRT - 10ª REGIÃO (DF e TO) - Analista Judiciário - Área Judiciária)
401,410,·        CESPE ? TCU - Procurador do Ministério Público - 2015
402,411,·        FCC ? TRT - 1ª REGIÃO (RJ) ? 2016 ? Juiz do Trabalho Substituto
403,412,·        FCC ? TRT - 1ª REGIÃO (RJ) ? 2016 ? Juiz do Trabalho Substituto
404,413,·        FCC ? TRT - 1ª REGIÃO (RJ) ? 2016 ? Juiz do Trabalho Substituto
405,414,(CESPE - 2011 - STM - Analista Judiciário - Área Administrativa)
406,415,(Prova CESPE - 2010 - MPE-SE - Promotor de Justiça)
407,416,·        FCC ? TRT - 1ª REGIÃO (RJ) ? 2016 ? Juiz do Trabalho Substituto
408,417,(CESPE - 2011 - STM - Analista Judiciário - Área Administrativa)
409,418,·        CESPE - TCU -Procurador do Ministério Público - 2015
410,419,·        CESPE - AL-ES - Procurador - 2011
411,420,(CESPE ? SEDF? Direito e Legislação ? 2017)
412,421,(CESPE - 2014 - TCE-PB ? Procurador)
413,422,(CESPE - 2017 - TRF - 1ª REGIÃO - Técnico Judiciário - Área Administrativa)
414,423,(CESPE - 2017 - TCE-PE - Analista de Gestão ? Julgamento)
415,424,(CESPE - 2010 - TRE-MT - Analista Judiciário - Área Judiciária)
416,425,(CESPE - 2013 - TRE-MS - Analista Judiciário - Área Judiciária)
417,426,(CESPE ? TJDFT? Técnico ? 2015)
418,427,"(Ano: 2016Banca: CESPEÓrgão: TCE-PAProva: Conhecimentos Básicos - Cargos 1, 18, ...)"
419,428,(CESPE - 2011 - STM - Técnico Judiciário)
420,429,·                 CESPE-2013- DPE/DF ? Defensor
421,430,·                     MPDFT - MPDFT - Promotor de Justiça ? 2013
422,432,(CESPE - 2013 - TRE-MS - Analista Judiciário - Área Judiciária)
423,433,·        TRT - 4ª REGIÃO ? TRT - 4ª REGIÃO (RS) ? 2016 ? Juiz do Trabalho Substituto
424,434,(CESPE ? MPU ? Analista ? 2015)
425,435,(CESPE - 2011 - STM - Analista Judiciário - Área Administrativa)
426,436,·        FCC-2015-TRT - 9ª REGIÃO (PR)-Técnico Judiciário - Área Administrativa
427,437,·        FCC-2015-TRT - 9ª REGIÃO (PR)-Técnico Judiciário - Área Administrativa
428,438,·        FCC-2015-TRT - 9ª REGIÃO (PR)-Técnico Judiciário - Área Administrativa
429,439,·        CESPE - TCU - Procurador do Ministério Público - 2015
430,440,(CESPE - 2011 - STM - Cargos de Nível Superior)
431,441,(CESPE-2011-STM-Analista Judiciário)
432,442,(CESPE - 2017 - TRF - 1ª REGIÃO - Analista Judiciário - Área Judiciária)
433,443,(CESPE - 2016 - TRT - 8ª - Analista Judiciário - Área Judiciária)
434,444,(CESPE - 2017 - TRT - 7ª Região (CE) - Analista Judiciário - Área Judiciária)
435,445,(CESPE - 2017 - TRT - 7ª Região (CE) - Analista Judiciário - Área Judiciária)
436,446,·        2015- CESPE ? TRE-GO -  Técnico Judiciário - Área Administrativa
437,447,(CESPE - 2012 - TJ-AL - Analista Judiciário - Área Judiciária)
438,448,(CESPE - 2017 - Prefeitura de Fortaleza - CE - Procurador do Município)
439,449,(CESPE - 2018 - STM - Analista Judiciário - Área Judiciária)
440,450,(CESPE - 2011 - STM - Técnico Judiciário)
441,451,(CESPE-2011-STM-Analista Judiciário)
442,452,(Ano: 2016Banca: CESPEÓrgão: FUNPRESP-JUDProva: Analista ? Direito)
443,453,(CESPE - 2008 - STF - Analista Judiciário - Área Judiciária)
444,454,(CESPE - 2008 - TRT - 5ª Região (BA) - Analista Judiciário - Área Judiciária)
445,455,(CESPE - 2008 - TRT - 5ª Região (BA) - Analista Judiciário - Área Judiciária)
446,456,(CESPE - 2009 - TRE-GO - Analista Judiciário - Área Judiciária)
447,457,(CESPE - 2009 - TRE-GO - Analista Judiciário - Área Judiciária)
448,458,(CESPE - 2009 - TRT - Execução de Mandados)
449,459,(CESPE - 2009 - TRT - 17ª Região (ES) - Analista Judiciário - Área Judiciária)
450,460,(CESPE - 2009 - TRT - 17ª Região (ES) - Analista Judiciário - Área Judiciária)
451,461,(CESPE - 2011 - TJ-ES - Analista Judiciário - Direito - Área Judiciária - específicos)
452,462,(CESPE ? STF ? 2013 ? Analista Judiciário ? Área Judiciária)
453,463,(CESPE - 2012 - TJ-AL - Analista Judiciário - Área Judiciária)
454,464,(CESPE - 2013 - STF - Analista Judiciário - Área Judiciária)
455,465,(CESPE - 2016 - TRT - 8ª - Analista Judiciário - Área Judiciária)
456,468,(CESPE - 2013 - TRT - 8ª Região (PA e AP) - Analista Judiciário - Área Judiciária)
457,469,(CESPE ? STF ? 2013 ? Analista Judiciário ? Área Judiciária)
458,470,(Adaptada - CESPE ? Prefeitura de Belo Horizonte ? 2017 ? Procurador Municipal)
459,471,(Ano: 2018Banca: CESPEÓrgão: PGM - Manaus - AM Prova: Procurador do Município)
460,472,(Ano: 2018Banca: CESPEÓrgão: PGM - Manaus - AM Prova: Procurador do Município)
461,473,(CESPE - 2016 - TRT - 8ª - Analista Judiciário - Área Judiciária)
462,474,(CESPE - 2015 - MPU - Analista do MPU)
463,475,(CESPE ? MPU ? 2010 - Técnico de Saúde - Enfermagem)
464,476,(MPT - 2017 - MPT - Procurador do Trabalho)
465,477,·        CESPE - DPE-DF - Procurador ? 2006
466,478,(CESPE - 2013 - TJ-RR - Titular de Serviços de Notas e de Registros)
467,479,(CESPE - 2012 - TJ-AL - Analista Judiciário - Área Judiciária)
468,480,(CESPE - 2009 - TRT Execução de Mandados)
469,481,(CESPE - 2012 - TJ-AL - Analista Judiciário - Área Judiciária)
470,482,(CESPE - 2011 - TRE-ES - Analista Judiciário - Área Judiciária ? Específicos)
471,483,(CESPE - 2009 - TRE-MA - Analista Judiciário - Área Judiciária)
472,484,(CESPE-2011-STM-Analista Judiciário)
473,485,·        CESPE - SEAD-SE (FPH) - Procurador - 2009
474,486,(CESPE - 2010 - TRT - 21ª Região (RN) - Analista Judiciário - Área Judiciária)
475,487,(CESPE ? STF ? 2013 ? Analista Judiciário ? Área Judiciária)
476,488,(Ano: 2018Banca: CESPEÓrgão: TJ-CEProva: Juiz Substituto)
477,489,(CESPE - 2008 - TRT - 5ª Região (BA) - Analista Judiciário - Área Judiciária)
478,490,(CESPE - 2016 - TRT - 8ª - Analista Judiciário - Área Judiciária)
479,491,(CESPE ? TJDFT - 2008 ? Analista Judiciário ? Área Judiciária)
480,492,(CESPE - 2017 - TRE-PE - Analista  Judiciário - Área Judiciária)
481,493,CESPE - 2013 - PC-BA - Delegado de Polícia
482,494,(CESPE - 2011 - TJ-ES - Analista Judiciário - Direito - Área Judiciária ? específicos)
483,495,(CESPE - 2012 - TJ-AL - Analista Judiciário - Área Judiciária)
484,496,(CESPE - 2017 - TRE-PE - Analista  Judiciário - Área Judiciária)
485,497,(CESPE - 2017 - TRF - 1ª REGIÃO - Analista Judiciário - Área Judiciária)
486,498,(CESPE - 2017 - TRE-PE - Analista  Judiciário - Área Judiciária)
487,499,·        CESPE - 2013 - PC-BA - Delegado de Polícia
488,500,(CESPE - 2013 - MPU - Analista ? Direito)
489,501,(CESPE - 2017 - TRE-PE - Analista  Judiciário - Área Judiciária)
490,502,(CESPE - 2017 - TRE-PE - Analista  Judiciário - Área Judiciária)
491,503,(CESPE - 2008 - TRT - 5ª Região (BA) - Analista Judiciário - Área Judiciária)
492,504,(CESPE - 2004 - STM - Analista Execução de Mandados)
493,505,(CESPE - 2017 - TRF - 1ª REGIÃO - Analista Judiciário - Área Judiciária)
494,506,(CESPE - 2017 - TRT - 7ª Região (CE) - Analista Judiciário - Área Judiciária)
495,507,(CESPE - 2011 - STM - Técnico Judiciário)
496,508,(CESPE - 2008 - STF - Analista Judiciário - Área Judiciária)
497,509,(MPE-MS - 2018 - MPE-MS - Promotor de Justiça Substituto)
498,510,·        CESPE - SEAD-SE (FPH) - Procurador ? 2009
499,511,·        CESPE - DPE-DF - Procurador - 2006
500,512,"·        FCC, TST, Analista Judiciário - Área Judiciária, 2012"
501,513,(CESPE - 2011 - STM - Analista Judiciário - Área Administrativa)
502,514,(CESPE - 2017 - TRE-TO - Analista Judiciário - Área Judiciária)
503,515,(CESPE - 2018 - TJ-CE - Juiz Substituto)
504,516,(CESPE ? TJDFT? Técnico ? 2015)
505,517,(Prova CESPE - 2014 - TJ-SE - Titular de Serviços de Notas e de Registros ? Remoção)
506,518,·                     FCC - MPE/AP - PROMOTOR DE JUSTIÇA SUBSTITUTO - 2012
507,519,(CESPE - 2011 - STM - Cargos de Nível Superior)
508,520,(CESPE - 2018 - STM - Analista Judiciário - Área Judiciária)
509,521,(CESPE-2011-STM-Analista Judiciário)
510,522,(CESPE - 2007 - TRT - 9ª REGIÃO (PR) - Analista Judiciário - Área Judiciária)
511,523,·                 CESPE ? 2013 ? DPE/TO ? Defensor
512,524,(CESPE - 2017 - DPU - Defensor Público Federal)
513,525,(CESPE - 2007 - MPE-AM - Promotor de Justiça)
514,526,(CESPE - 2017 - DPE-AL - Defensor Público)
515,527,(Prova CESPE - 2018 - MPU - Analista do MPU ? Direito)
516,528,(Prova CESPE - 2017 - TRF - 5ª REGIÃO - Juiz Federal Substituto)
517,529,(Prova CESPE - 2018 - MPU - Analista do MPU ? Direito)
518,530,(CESPE - 2017 - DPE-AL - Defensor Público)
519,531,(CESPE - 2017 - DPE-AL - Defensor Público)
520,532,(CESPE - 2017 - DPE-AL - Defensor Público)
521,533,(Prova CESPE - 2017 - TJ-PR - Juiz Substituto)
522,535,·        CESPE - 2015  -DPU Defensor Público Federal
523,536,(Ano: 2018Banca: CESPEÓrgão: EBSERHProva: Advogado)
524,537,(Ano: 2017Banca: CESPEÓrgão: DPUProva: Defensor Público Federal)
525,538,(Prova CESPE - 2018 - MPU - Analista do MPU ? Direito)
526,539,(Ano: 2018Banca: CESPEÓrgão: TJ-CEProva: Juiz Substituto)
527,540,(Prova CESPE - 2018 - Polícia Federal - Delegado de Polícia Federal)
528,541,(MPT - 2017 - MPT - Procurador do Trabalho)
529,542,(Prova CESPE - 2018 - Polícia Federal - Delegado de Polícia Federal)
530,543,·        FCC - 2012 - TST - Analista Judiciário
531,544,·        FCC - 2012 - TST - Analista Judiciário
532,547,(Prova CESPE - 2008 - TRT - 5ª Região (BA) - Execução de Mandados)
533,548,(CESPE ? MPU ? Analista ? 2013).
534,549,(Ano: 2018Banca: CESPEÓrgão: PGM - Manaus - AM Prova: Procurador do Município)
535,550,·        FCC - 2012 - TST - Analista Judiciário
536,551,(MPT - 2017 - MPT - Procurador do Trabalho)
537,552,(Prova CESPE - 2009 - TRT - 17ª Região (ES) - Execução de Mandados)
538,553,"(CESPE - 2018 - STM - Nível Superior - Conhecimentos Básicos (Exceto cargos 1, 2 e 8))"
539,554,(CESPE - 2010 - TRE-BA - Analista Judiciário - Área Judiciária)
540,555,(CESPE - 2009 - TRE-MA - Analista Judiciário - Área Judiciária)
541,556,(2016- CESPE- PGE-AM- Procurador do Estado)
542,557,(CESPE - 2017 - TRT - 7ª Região (CE) - Conhecimentos Básicos - Cargo 10)
543,558,(CESPE - 2010 - MPU - Técnico de Informática)
544,559,(ESAF - 2004 - MPU - Analista ? Administração)
545,560,(ESAF - 2004 - MPU - Analista ? Administração)
546,561,(MPE-GO - 2017 - MPE-GO - Secretário Auxiliar - Cachoeira Dourada)
547,562,(MPT - 2017 - MPT - Procurador do Trabalho)
548,563,(NCE-UFRJ - 2009 - UFRJ - Administrador)
549,564,(CESPE - 2012 - MPE-PI - Cargos de Nível Médio - Conhecimentos básicos para o cargo 11)
550,565,(Prova CESPE - 2010 - MPE-SE - Promotor de Justiça)
551,566,(CESPE - 2017 - TRF - 1ª REGIÃO - Analista Judiciário - Oficial de Justiça Avaliador Federal)
552,567,(FCC - 2010 - MPE-RS - Secretário de Diligências)
553,568,(FCC - 2013 - MPE-SE - Analista - Informática - Gestão e Análise de Projeto de Infraestrutura)
554,569,(MPDFT - 2009 - MPDFT - Promotor de Justiça)
555,570,(FCC - 2015 - CNMP - Analista do CNMP ? Direito)
556,571,(MPT - 2017 - MPT - Procurador do Trabalho)
557,572,(MPE-GO - 2017 - MPE-GO - Secretário Auxiliar - Cachoeira Dourada)
558,573,(MPE-MS - 2018 - MPE-MS - Promotor de Justiça Substituto)
559,574,(CESPE - 2010 - MPE-RO - Promotor de Justiça)
560,575,(CESPE - 2012 - MPE-PI - Promotor de Justiça)
561,576,(CESPE - 2010 - MPU - Analista ? Biologia)
562,577,(MPT - 2013 - MPT - Procurador do Trabalho)
563,578,(FUJB - 2012 - MPE-RJ - Promotor de Justiça)
564,579,(MPT - 2013 - MPT - Procurador do Trabalho)
565,580,(MPT - 2013 - MPT - Procurador do Trabalho)
566,581,(FUJB - 2012 - MPE-RJ - Promotor de Justiça)
567,582,(MPE-MS - 2018 - MPE-MS - Promotor de Justiça Substituto)
568,583,(Ano: 2012Banca: FUJBÓrgão: MPE-RJProva: Promotor de Justiça)
569,584,(CESPE - 2012 - MPE-PI - Promotor de Justiça)
570,585,(CESPE - 2010 - MPU - Analista de Informática - Banco de Dados)
571,586,(MPT - 2013 - MPT - Procurador do Trabalho)
572,587,(PGT - 2009 - MPT - Procurador do Trabalho)
573,588,(FGV - 2018 - MPE-AL - Analista do Ministério Público - Administrador de Rede)
574,589,(CESPE - 2006 - TJ-RR - Analista Judiciário - Área Judiciária)
575,590,(CESPE - 2006 - TJ-RR - Analista Judiciário - Área Judiciária)
576,591,(FCC - 2007 - MPU - Técnico Administrativo)
577,592,(CESPE - 2010 - MPU - Técnico de Informática)
578,593,(CESPE - 2015 - MPU - Analista do MPU - Conhecimentos Básicos)
579,594,(CESPE - 2015 - MPU - Técnico do MPU - Segurança Institucional - Conhecimentos Básicos)
580,595,(MPT - 2013 - MPT - Procurador do Trabalho)
581,596,(CESPE - 2013 - MPU - Analista ? Direito)
582,597,(FUJB - 2012 - MPE-RJ - Promotor de Justiça)
583,598,(ESAF - 2004 - MPU - Analista ? Administração)
584,599,(CESPE - 2012 - MPE-PI - Promotor de Justiça)
585,600,(ESAF - 2004 - MPU - Técnico Administrativo)
586,601,(ESAF - 2004 - MPU - Analista ? Administração)
587,602,(ESAF - 2004 - MPU - Analista ? Administração)
588,603,(CESPE - 2012 - MPE-PI - Promotor de Justiça)
589,604,(MPE-MS - 2018 - MPE-MS - Promotor de Justiça Substituto)
590,605,(CESPE - 2010 - MPE-RO - Promotor de Justiça)
591,606,(CESPE ? MPU ? 2010 -Técnico Administrativo)
592,607,(PGT - 2009 - MPT - Procurador do Trabalho)
593,608,(PGT - 2009 - MPT - Procurador do Trabalho)
594,609,(FUNCAB - 2010 - SEMARH-GO - Cientista da Computação)
595,610,(CESPE - 2013 - MPU - Analista ? Direito)
596,611,(CESPE - 2013 - MPU - Analista ? Direito)
597,612,(CESPE - 2010 - MPU - Técnico Administrativo)
598,613,(ESAF - 2004 - MPU - Analista ? Administração)
599,614,(ESAF - 2004 - MPU - Técnico Administrativo)
600,615,(Ano: 2014Banca: MPE-GOÓrgão: MPE-GOProva: Promotor de Justiça Substituto)
601,616,(CESPE - 2015 - MPU - Técnico do MPU - Segurança Institucional - Conhecimentos Básicos)
602,617,(CESPE - 2013 - MPU - Técnico - Tecnologia da Informação e Comunicação)
603,618,(CESPE - 2007 - TSE - Analista Judiciário - Área Judiciária)
604,619,(CESPE- 2010 ? MPE-SE ? Promotor de Justiça)
605,620,(CESPE - 2012 - MPE-TO - Promotor de Justiça)
606,621,(PGT - 2009 - MPT - Procurador do Trabalho)
607,622,(CESPE ? 2011 ? DPE-MA ? Defensor Público)
608,623,(Prova FCC - 2016 - Prefeitura de Teresina - PI - Técnico de Nível Superior - Advogado)
609,624,(CESPE ? 2009 ? TRF ? 1ª REGIÃO ? Juiz)
610,625,(CESPE ? 2009 ? TRT ? 17ª Região (ES) ? Analista Judiciário)
611,626,(CESPE - 2010 - MPU - Técnico Administrativo)
612,627,(CESPE ? TRE-GO? 2009 ? Técnico Judiciário ? Área Administrativa)
613,628,(CESPE ? MPE-RN ? 2009 -  Promotor de Justiça Substituto)
614,629,(CESPE- 2009 ? PGE-PE ? Procurador de Estado)
615,630,(CESPE - 2006 - TJ-RR - Analista Judiciário - Área Judiciária)
616,631,(CESPE-2016 - TCE-PR)
617,632,(CESPE ? SERPRO? 2013 - Analista - Advocacia)
618,633,(MPE-GO - 2017 - MPE-GO - Secretário Auxiliar - Cachoeira Dourada)
619,634,(FCC - 2015 - CNMP - Analista do CNMP ? Direito)
620,635,(CESPE/2010/AGU/AGENTE ADMINISTRATIVO)
621,636,(MPT? 2012 ? Procurador do Trabalho)
622,637,(CONSULPLAN - 2017 - TJ-MG - Titular de Serviços de Notas e de Registros - Provimento)
623,638,(CESPE? 2011 ? TRF ? 1ª REGIÃO ? Juiz)
624,639,(MPDFT - 2009 - MPDFT - Promotor de Justiça)
625,640,(CESPE/2009/TRE/MA/TÉCNICO JUDICIÁRIO)
626,641,(CESPE - 2015 - MPU - Técnico do MPU - Segurança Institucional - Conhecimentos Básicos)
627,642,(CESPE - 2008 - TRT - 5ª Região (BA) - Analista Judiciário - Área Judiciária)
628,643,(CESPE - 2004 - TRT - 10ª REGIÃO (DF e TO) - Analista Judiciário - Área Judiciária)
629,644,(CESPE - 2008 - PGE-CE - Procurador do Estado)
630,645,(CESPE - 2012 - MPE-TO - Promotor de Justiça)
631,646,(CESPE - 2017 - Prefeitura de Belo Horizonte - MG - Procurador Municipal)
632,647,(Ano: 2014Banca: MPE-GOÓrgão: MPE-GOProva: Promotor de Justiça Substituto)
633,648,(CONSULPLAN - 2017 - TJ-MG - Titular de Serviços de Notas e de Registros ? Provimento)
634,649,(CESPE - 2014 - TJ-CE - Analista Judiciário - Área Administrativa)
635,650,(CESPE - 2015 - MPU - Analista do MPU - Conhecimentos Básicos)
636,651,(CESPE - 2010 - MPU - Analista de Informática - Banco de Dados)
637,652,(CESPE ? 2010 ? MPE-ES ? Promotor de Justiça)
638,653,(CESPE - 2008 - MPE-RR - Promotor de Justiça)
639,654,(CESPE ? TJ-PI ? 2013 -  Titular de Serviços de Notas e de Registros ? Adaptada pela equipe Mentory)
640,655,(MPT - 2017 - MPT - Procurador do Trabalho)
641,656,(FCC - 2012 - MPE-AP - Promotor de Justiça)
642,657,(FCC - 2012 - MPE-AP - Promotor de Justiça)
643,658,(FCC - 2012 - MPE-AP - Promotor de Justiça)
644,659,(FCC - 2012 - MPE-AP - Promotor de Justiça)
645,660,(2008-FCC-MPE-PE-Promotor de Justiça)
646,661,(Ano: 2012Banca: FCCÓrgão: MPE-APProva: Promotor de Justiça)
647,662,(MPT - 2017 - MPT - Procurador do Trabalho)
648,663,(CESPE ? 2009 ? TRE ? Técnico Judiciário)
649,664,(FCC - 2012 - MPE-AP - Promotor de Justiça)
650,665,(CESPE ? 2011 ? TRF ? 2ª REGIÃO ? Juiz)
651,666,(CESPE ? 2011 ? DPE-MA ? Defensor Público)
652,667,(CESPE ? 2010 ? MPE-ES ? Promotor de Justiça)
653,668,(MPT - 2017 - MPT - Procurador do Trabalho)
654,669,·        CESPE - SEAD-SE (FPH) - Procurador - 2009
655,670,(Prova CESPE - 2011 - TJ-ES - Analista Judiciário - Taquigrafia ? Específicos)
656,671,(Ano: 2013Banca: MPTÓrgão: MPTProva: Procurador do Trabalho)
657,672,(Prova CESPE - 2010 - MPE-SE - Promotor de Justiça)
658,673,(FMP Concursos - 2017 - MPE-RO - Promotor de Justiça Substituto)
659,674,(Prova FCC - 2016 - Prefeitura de Teresina - PI - Técnico de Nível Superior - Advogado)
660,675,(CESPE ? MPU ? Analista ? 2015)
661,676,(CESPE - 2014 - TJ-SE - Analista Judiciário ? Direito)
662,677,(MPE-MS - 2018 - MPE-MS - Promotor de Justiça Substituto)
663,678,(CESPE ? MPU ? 2013 -  Técnico Administrativo)
664,679,(MPE-GO - 2017 - MPE-GO - Secretário Auxiliar - Cachoeira Dourada)
665,680,(FCC - 2015 - CNMP - Analista do CNMP - Direito)
666,681,(Prova FCC - 2016 - Prefeitura de Teresina - PI - Técnico de Nível Superior - Advogado)
667,682,(CESPE - 2010 - MPU - Analista de Informática - Banco de Dados)
668,683,(Ano: 2013Banca: FCCÓrgão: MPE-MAProva: Técnico Ministerial ? Administrativo)
669,684,(FCC - 2013 - MPE-MA - Técnico Ministerial ? Administrativo)
670,685,(FUJB - 2012 - MPE-RJ - Promotor de Justiça)
671,686,(PGT - 2009 - MPT - Procurador do Trabalho)
672,687,(CESPE ? MPU ? 2013- Técnico Administrativo)
673,688,(CESPE - 2013 - MPU - Analista ? Direito)
674,689,·        CESPE - TC-DF - Procurador ? 2013
675,690,(MPT - 2013 - MPT - Procurador do Trabalho)
676,691,(PGT - 2009 - MPT - Procurador do Trabalho)
677,692,(PGT - 2009 - MPT - Procurador do Trabalho)
678,693,(ESAF - 2004 - MPU - Técnico Administrativo)
679,694,(MPE-MS - 2018 - MPE-MS - Promotor de Justiça Substituto)
680,695,(NCE-UFRJ - 2009 - UFRJ - Administrador)
681,696,(NCE-UFRJ - 2009 - UFRJ - Administrador)
682,697,(CESPE? 2012 ? TJ-AL ? Analista Judiciário)
683,698,(CESPE ? 2009 ? MPE-RN ? Promotor de Justiça)
684,699,(CESPE - 2012 - MPE-PI - Promotor de Justiça)
685,700,. (CESPE ? 2010 ? MPE-SE ? Promotor de Justiça)
686,701,(CESPE-2017 - TJ-PR-Juiz Substituto)
687,702,(Prova CESPE - 2016 - PC-PE - Escrivão de Polícia)
688,703,(CESPE ? 2010 ? MPE-SE ? Promotor de Justiça)
689,704,(CESPE - 2006 - TJ-RR - Analista Judiciário - Área Judiciária)
690,705,(Prova CESPE - 2010 - MPE-SE - Promotor de Justiça)
691,706,(FCC-DPE-PR ? 2017)
692,707,(CESPE - 2009 - DPE-AL - Defensor Público)
693,708,(CESPE - 2013 - TRE-MS - Analista Judiciário - Área Judiciária)
694,709,(CESPE - 2009 - TRE-MA - Analista Judiciário - Área Judiciária)
695,710,(CESPE - 2013 - MPU - Analista ? Direito)
696,711,(MPT - 2017 - MPT - Procurador do Trabalho)
697,712,(Ano: 2014Banca: MPE-GOÓrgão: MPE-GOProva: Promotor de Justiça Substituto)
698,713,(MPDFT - 2009 - MPDFT - Promotor de Justiça)
699,714,(VUNESP - 2017 - Prefeitura de Porto Ferreira - SP - Procurador Jurídico)
700,715,(CESPE - 2016 - TCE-PR - Analista de Controle ? Jurídica)
701,716,(VUNESP - 2016 - Prefeitura de Várzea Paulista - SP - Procurador Jurídico)
702,717,(NC-UFPR - 2015 - ITAIPU BINACIONAL ? Direito)
703,718,(Prova CESPE - 2016 - PC-PE - Escrivão de Polícia)
704,719,(CESPE? 2009 ? IBRAM-DF ? Advogado)
705,720,(CESPE? 2010 ? DPE-BA ? Defensor Público)
706,721,(CESPE - 2012 - MPE-PI - Promotor de Justiça)
707,722,(CESPE - 2012 - MPE-TO - Promotor de Justiça)
708,723,(CESPE - 2012 - MPE-TO - Promotor de Justiça)
709,724,(CESPE ? MPU ? Analista ? 2015)
710,725,(Prova CESPE - 2016 - PC-PE - Escrivão de Polícia)
711,726,(CESPE ? 2008 ? PC-TO ? Delegado de Polícia)
712,727,(FCC - 2007 - MPU - Técnico Administrativo)
713,728,(Prova CESPE - 2016 - PC-PE - Escrivão de Polícia)
714,729,(CESPE ? 2010 ? MPE-SE ? Promotor de Justiça)
715,730,(CESPE - 2017 - TRF - 1ª REGIÃO - Analista Judiciário - Oficial de Justiça Avaliador Federal)
716,731,(CESPE - 2010 - MPU - Analista de Informática - Banco de Dados)
717,732,(CESPE - 2010 - MPE-RO - Promotor de Justiça)
718,733,(CESPE - 2012 - MPE-PI - Promotor de Justiça)
719,734,(FCC - 2007 - MPU - Técnico Administrativo)
720,735,(CESPE ? MPU ? 2013 - Técnico Administrativo)
721,736,(MPE-GO - 2017 - MPE-GO - Secretário Auxiliar - Cachoeira Dourada)
722,737,(CESPE - 2017 - Prefeitura de Fortaleza - CE - Procurador do Município)
723,738,(CESPE ? 2010 ? MPE-SE ? Promotor de Justiça)
724,739,(Prova CESPE - 2016 - PC-PE - Escrivão de Polícia)
725,740,(CESPE ? 2011 ? STM ? Analista Judiciário)
726,741,(CESPE ? 2009 ? TRF ? 2ª REGIÃO ? Juiz)
727,742,(CESPE? 2010 ? MPE-SE ? Promotor de Justiça)
728,743,(CESPE - 2015 - MPU - Técnico do MPU - Segurança Institucional - Conhecimentos Básicos)
729,744,(CESPE ? MPU ? Analista ? 2015)
730,745,(MPE-BA - 2018 - MPE-BA - Promotor de Justiça Substituto)
731,746,(CESPE ? 2012 ? MPE-PI ? Analista Ministerial)
732,747,(CESPE ? 2012 ? TJ-PI ? Juiz)
733,748,·        CESPE - SEAD-SE (FPH) - Procurador ? 2009
734,749,(CESPE - 2008 - MPE-RR - Analista de Sistemas)
735,750,(CESPE - 2009 - DPE-AL - Defensor Público)
736,751,(FCC - 2016 - Prefeitura de Teresina - PI - Técnico de Nível Superior ? Advogado)
737,752,(CESPE - 2012 - MPE-TO - Promotor de Justiça)
738,753,·        CESPE - TCE-BA - Procurador ? 2010
739,754,(CESPE ? MPU ? 2013 - Técnico Administrativo)
740,755,·        CESPE - TC-DF - Procurador - 2013
741,756,(CESPE - 2012 - MPE-PI - Promotor de Justiça)
742,757,(FCC - 2007 - MPU - Técnico Administrativo)
743,758,(INSTITUTO AOCP - 2018 - TRT - 1ª REGIÃO (RJ) - Analista Judiciário - Área Judiciária)
744,759,(INSTITUTO AOCP - 2018 - TRT - 1ª REGIÃO (RJ) - Analista Judiciário - Área Judiciária)
745,760,(CESPE ? MPE-RO ? Promotor ? 2013)
746,761,(INSTITUTO AOCP - 2018 - TRT - 1ª REGIÃO (RJ) - Analista Judiciário - Área Judiciária)
747,762,(CESPE - 2010 - MPE-RO - Promotor de Justiça)
748,763,(CESPE - 2015 - MPU - Analista do MPU - Conhecimentos Básicos)
749,764,(CESPE ? MPU ? Analista ? 2015)
750,765,(INSTITUTO AOCP - 2018 - TRT - 1ª REGIÃO (RJ) - Analista Judiciário - Área Judiciária)
751,766,(CESPE - 2010 - MPE-RO - Promotor de Justiça)
752,767,(Ano: 2013Banca: CESPEÓrgão: MPUProva: Técnico Administrativo)
753,768,(CESPE - 2014 - TJ-CE - Analista Judiciário - Área Administrativa)
754,769,(CESPE - 2012 - MPE-PI - Analista Ministerial - Controle Interno)
755,770,(CESPE - 2013 - MPU - Analista ? Direito)
756,771,(FCC - 2007 - MPU - Técnico Administrativo)
757,772,(CESPE - 2017 - TRF - 1ª REGIÃO - Analista Judiciário - Área Administrativa)
758,773,(Ano: 2013Banca: CESPEÓrgão: MPUProva: Técnico Administrativo)
759,774,(CESPE - 2014 - TJ-SE - Analista Judiciário ? Direito)
760,775,(CESPE - 2010 - MPE-RO - Promotor de Justiça)
761,776,(CESPE - 2010 - MPE-RO - Promotor de Justiça)
762,777,(CESPE ? MPU ? Analista ? 2013)
763,778,(CESPE - 2013 - MPU - Analista ? Direito)
764,779,(CESPE ? MPE-RO ? Promotor ? 2013)
765,780,(FCC - 2007 - MPU - Técnico Administrativo)
766,781,(FCC - 2007 - MPU - Técnico Administrativo)
767,782,(CESPE - 2010 - MPE-RO - Promotor de Justiça)
768,783,(INSTITUTO AOCP - 2018 - TRT - 1ª REGIÃO (RJ) - Analista Judiciário - Área Judiciária)
769,784,(Prova FCC - 2016 - Prefeitura de Teresina - PI - Técnico de Nível Superior - Advogado)
770,785,(CESPE - 2013 - TRE-MS - Analista Judiciário - Área Judiciária)
771,786,·        CESPE - TCE-PB - Procurador ? 2014
772,787,(CESPE - 2018 - STM - Analista Judiciário - Área Judiciária)
773,788,(CESPE - 2017 - TRT - 7ª Região (CE) - Analista Judiciário - Área Judiciária)
774,789,(CESPE - 2014 - TJ-CE - Analista Judiciário - Área Administrativa)
775,790,(Ano: 2018Banca: CESPEÓrgão: EMAPProva: Analista Portuário - Área Jurídica)
776,791,(CESPE - 2014 - TJ-CE - Analista Judiciário - Área Administrativa)
777,792,(CESPE - 2013 - TRT - 10ª - Analista Judiciário - Área Judiciária)
778,793,(CESPE - 2017 - TRT - 7ª Região (CE) - Analista Judiciário - Área Judiciária)
779,794,(CESPE - 2013 - TRE-MS - Analista Judiciário - Área Judiciária)
780,795,(CESPE - 2014 - TJ-CE - Analista Judiciário - Área Administrativa)
781,796,(CESPE - 2014 - TJ-SE - Analista Judiciário ? Direito)
782,798,(CESPE - 2018 - DPE-PE - Defensor Público)
783,799,(CESPE - 2017 - DPE-AL - Defensor Público)
784,800,(Prova CESPE - 2017 - PGE-SE - Procurador do Estado)
785,801,(CESPE-2011-STM-Analista Judiciário)
786,802,(CESPE - 2017 - TRT - 7ª Região (CE) - Analista Judiciário - Área Judiciária)
787,804,(VUNESP - 2018 - TJ-SP - Titular de Serviços de Notas e de Registros ? Provimento)
788,805,·        CESPE - AL-ES - Procurador - 2011
789,806,·        CESPE - AL-ES - Procurador - 2011
790,807,·        CESPE - TCU - Procurador do Ministério Público - 2015
791,808,·        CESPE - TCU - Procurador do Ministério Público - 2015
792,809,(CESPE - 2010 - TRE-MT - Técnico Judiciário - Área Administrativa)
793,811,·                 CESPE - 2015 - DPU - Defensor Público Federal
794,813,·                 CESPE - 2015 - DPU - Defensor Público Federal
795,814,·        CESPE - AGU - Advogado da União - 2015
796,815,·        CESPE - SEAD-SE (FPH) - Procurador ? 2009
797,816,·        CESPE - DPU - Defensor Público Federal de Segunda Categoria ? 2015
798,817,·        CESPE - 2015 - DPU - Defensor Público Federal de Segunda Categoria
799,818,·        CESPE - AL-ES - Procurador ? 2011
800,819,·        CESPE - TC-DF - Procurador ? 2013
801,821,·        CESPE - TC - Procurador - 2013
802,822,·        CESPE - AGU - Advogado da União - 2015
803,823,·        CESPE - AL-ES - Procurador - 2011
804,824,·        CESPE - 2015 - DPU - Defensor Público Federal
805,825,·        CESPE - AGU - Advogado da União - 2015
806,826,·        CESPE - PG-DF -Procurador-2013
807,827,·        CESPE - AL-ES - Procurador - 2011
808,828,·                 CESPE ? 2009 ? DPE/AL ? Defensor
809,829,·        CESPE ? 2009 ? DPE/AL ? Defensor
810,830,·        CESPE - AL-ES - Procurador - 2011
811,831,·        CESPE - AL-ES - Procurador - 2011
812,832,·        FGV- TCM-RJ-Procurador- 2008
813,833,(Ano: 2018Banca: CESPEÓrgão: PGM - Manaus - AM Prova: Procurador do Município)
814,834,·        CESPE - AL-ES - Procurador - 2011
815,835,·        CESPE- TRF - 1ª REGIÃO-Juiz Federal-2011
816,836,·        FCC - PGE-SP -Procurador do Estado-2002
817,837,·        CESPE - AL-ES - Procurador-2011
818,838,(CESPE - 2009 - AGU - Advogado da União)
819,839,·        CESPE - TCE-PB - Procurador ? 2014
820,840,·        ESAF- ANAC-Especialista em Regulação de Avaliação Civil-2016
821,841,·        CESPE - TRF - 1ª REGIÃO- Juiz Federal Substituto-2015
822,842,·        VUNESP - PGM - SP -Procurador do Município-2014
823,843,·        CESPE - TCU - Procurador do Ministério Público ? 2015
824,844,·        CESPE - TCU - Procurador do Ministério Público ? 2015
825,845,·        CESPE - AGU -Advogado da União-2012
826,846,·        CESPE- AGU-Advogado da União- 2012
827,847,·        CESPE - TCE-PB - Procurador ? 2014
828,848,(CESPE - 2018 - PGE-PE - Procurador do Estado)
829,849,(CESPE-2011-STM-Analista Judiciário)
830,850,(CESPE-2004-STM-Analista Judiciário)
831,851,·        CESPE - TC-DF - Procurador ? 2013
832,852,·        CESPE - AGU -Advogado da União-2012
833,853,(CESPE - 2010 - TRE-BA - Analista Judiciário - Área Judiciária)
834,854,(CESPE - 2018 - EMAP - Conhecimentos Básicos - Cargos de Nível Superior)
835,855,(CESPE - 2014 - TJ-CE - Analista Judiciário - Área Judiciária)
836,856,(CESPE - 2014 - TJ-CE - Analista Judiciário - Área Judiciária)
837,857,(CESPE - 2011 - TJ-ES - Analista Judiciário - Direito - Área Judiciária ? específicos)
838,858,(CESPE - 2018 - PC-MA - Escrivão de Polícia)
839,859,(CESPE - 2018 - PC-MA - Escrivão de Polícia)
840,860,(CESPE - 2018 - PC-MA - Escrivão de Polícia)
841,861,(CESPE - 2018 - PC-MA - Escrivão de Polícia)
842,862,(CESPE - 2018 - PC-MA - Escrivão de Polícia)
843,863,(CESPE - 2009 - TRE-MA - Analista Judiciário - Área Judiciária)
844,864,(CESPE - 2014 - TJ-CE - Analista Judiciário - Área Judiciária)
845,865,(CESPE - 2008 - STF - Analista Judiciário - Área Judiciária)
846,866,(CESPE - 2010 - TRE-BA - Analista Judiciário - Área Judiciária)
847,867,·        TRF - 2ª REGIÃO - TRF - 2ª Região-Juiz Federal -2014
848,868,·        CESPE ? Petrobras-Advogado- 2007
849,869,·        CESPE -TJ-DFT- Juiz de Direito Substituto-2015
850,871,(Prova CESPE - 2017 - DPE-AL - Defensor Público)
851,872,(CESPE - 2009 - ICMBIO - Analista Ambiental)
852,873,·        CESPE - DPE-BA - Defensor Público ? 2010
853,874,·        CESPE - AGU - Advogado da União ? 2012
854,875,(2016- CESPE- PGE-AM- Procurador do Estado)
855,876,(CESPE - 2007 - Banco da Amazônia ? Advogado)
856,877,·        CESPE - AGU - Advogado da União - 2004
857,878,(CESPE - 2017 - PGE-SE - Procurador do Estado)
858,879,·                 CESPE - 2015 - DPE-PE - Defensor Público
859,880,(CESPE - 2016 - TRT - 8ª Região (PA e AP) - Analista Judiciário - Área Judiciária)
860,882,(Ano: 2018Banca: CESPEÓrgão: TJ-CEProva: Juiz Substituto)
861,885,(CESPE - TJ-PR ? Juiz Substituto ? 2017)
862,886,·        CESPE - AL-ES - Procurador - 2011
863,887,·        CESPE - AL-ES - Procurador - 2011
864,888,(CESPE - 2016 - TRT - 8ª Região (PA e AP) - Analista Judiciário - Área Judiciária)
865,889,(CESPE - 2005 - TRE-MA - Técnico Judiciário - Área Administrativa)
866,890,(CESPE - 2010 - TRE-MT - Técnico Judiciário - Área Administrativa)
867,891,(CESPE - 2007 - Banco da Amazônia ? Advogado)
868,892,(CESPE - 2018 - STM - Analista Judiciário - Área Judiciária)
869,893,(CESPE - 2013 - ANP - Todos os Cargos - Conhecimentos Básicos)
870,894,(CESPE - 2015 - TJ-PB - Juiz Substituto)
871,895,(CESPE - 2008 - PGE-CE - Procurador do Estado)
872,896,(CESPE - 2014 - Câmara dos Deputados - Consultor Legislativo Área VI)
873,897,(CESPE - 2005 - TRE-MA - Técnico Judiciário - Área Administrativa)
874,898,(CESPE - 2011 - MMA - Analista Ambiental ? I)
875,899,(CESPE - 2016 - TRT - 8ª Região (PA e AP) - Analista Judiciário - Área Judiciária)
876,900,(CESPE - 2005 - TRE-GO - Técnico Judiciário - Área Administrativa)
877,901,(CESPE - 2010 - TRE-MT - Técnico Judiciário - Área Administrativa)
878,902,(CESPE - 2013 - Polícia Federal - Delegado de Polícia)
879,903,(CESPE - 2009 - ICMBIO - Analista Ambiental)
880,904,(CESPE - 2010 - TRE-MT - Técnico Judiciário - Área Administrativa)
881,905,(CESPE - 2012 - AGU - Advogado da União)
882,906,(CESPE - 2013 - TJ-DFT - Analista Judiciário - Área Judiciária)
883,907,·        CESPE - AGU - Advogado da União - 2009
884,909,(CESPE - 2005 - TRE-MA - Técnico Judiciário - Área Administrativa)
885,910,(CESPE - 2005 - TRE-GO - Técnico Judiciário - Área Administrativa)
886,911,(CESPE - 2010 - TRE-MT - Técnico Judiciário - Área Administrativa)
887,912,(CESPE - 2005 - TRE-MA - Técnico Judiciário - Área Administrativa)
888,913,(CESPE - 2005 - TRE-GO - Técnico Judiciário - Área Administrativa)
889,914,(CESPE - 2017 - TRF 1ª ? Analista Judiciário)
890,915,(CESPE - 2005 - TRE-MA - Técnico Judiciário - Área Administrativa)
891,916,(CESPE - 2010 - TRE-MT - Técnico Judiciário - Área Administrativa)
892,917,(CESPE - 2015 - TJ-PB - Juiz Substituto)
893,918,(CESPE - 2005 - TRE-GO - Técnico Judiciário - Área Administrativa)
894,919,(CESPE - 2010 - TRE-MT - Técnico Judiciário - Área Administrativa)
895,920,(CESPE - 2010 - TRE-MT - Técnico Judiciário - Área Administrativa)
896,921,(CESPE - 2005 - TRE-GO - Técnico Judiciário - Área Administrativa)
897,922,(CESPE - 2015 - TJ-PB - Juiz Substituto)
898,923,·        CESPE - AL-ES - Procurador - 2011
899,924,(CESPE - 2017 - PGE-SE - Procurador do Estado)
