,Lei,Texto
0,cf88,TÍTULO I Dos Princípios Fundamentais
1,cf88,TÍTULO II Dos Direitos e Garantias Fundamentais
2,cf88,TÍTULO III Da Organização do Estado
3,cf88,"TÍTULO IV DA ORGANIZAÇÃO DOS PODERES (Redação dada pela Emenda Constitucional nº 80, de 2014)"
4,cf88,TÍTULO V Da Defesa do Estado e Das Instituições Democráticas
5,cf88,TÍTULO VI DA TRIBUTAÇÃO E DO ORÇAMENTO
6,cf88,TÍTULO VII Da Ordem Econômica e Financeira
7,cf88,TÍTULO VIII Da Ordem Social
8,cf88,TÍTULO IX Das Disposições Constitucionais Gerais
